{
  "model_name": "Qwen-Qwen2-7B-Instruct-finetuned-domainai",
  "num_cases": 530,
  "criteria": [
    "relevance",
    "appropriateness",
    "creativity"
  ],
  "average_scores": {
    "relevance": 3.79811320754717,
    "appropriateness": 3.762264150943396,
    "creativity": 3.486792452830189
  },
  "average_hf_inference_time": 0.48134913534488494,
  "average_llm_inference_time": 6.831995367553999,
  "total_hf_inference_time": 255.1150417327881,
  "total_llm_inference_time": 3620.9575448036194,
  "total_evaluation_time": 3876.0725865364075
}