{
  "model_name": "mistralai-Mistral-7B-v0-1-finetuned-domainai",
  "num_cases": 530,
  "criteria": [
    "relevance",
    "appropriateness",
    "creativity"
  ],
  "average_scores": {
    "relevance": 3.5553435114503817,
    "appropriateness": 3.532442748091603,
    "creativity": 2.7786259541984735
  },
  "average_hf_inference_time": 0.5303536689506311,
  "average_llm_inference_time": 4.736428030032032,
  "total_hf_inference_time": 281.0874445438385,
  "total_llm_inference_time": 2510.306855916977,
  "total_evaluation_time": 2791.3943004608154
}