{
  "model_name": "Qwen-Qwen2-7B-Instruct-finetuned-domainai",
  "num_cases": 530,
  "criteria": [
    "relevance",
    "appropriateness",
    "creativity"
  ],
  "average_scores": {
    "relevance": 4.2679245283018865,
    "appropriateness": 4.215094339622642,
    "creativity": 3.0037735849056606
  },
  "average_hf_inference_time": 0.4792584887090695,
  "average_llm_inference_time": 3.1651790717862687,
  "total_hf_inference_time": 254.0069990158081,
  "total_llm_inference_time": 1677.5449080467224,
  "total_evaluation_time": 1931.5519070625305
}