{
  "model_name": "meta-llama-Llama-2-7b-hf-finetuned-domainai",
  "num_cases": 530,
  "criteria": [
    "relevance",
    "appropriateness",
    "creativity"
  ],
  "average_scores": {
    "relevance": 3.983018867924528,
    "appropriateness": 4.035849056603774,
    "creativity": 3.5679245283018868
  },
  "average_hf_inference_time": 0.5077226107975215,
  "average_llm_inference_time": 6.707039493434834,
  "total_hf_inference_time": 269.09298372268677,
  "total_llm_inference_time": 3554.730931520462,
  "total_evaluation_time": 3823.823915243149
}