{
  "model_name": "mistralai-Mistral-7B-v0-1-finetuned-domainai",
  "num_cases": 530,
  "criteria": [
    "relevance",
    "appropriateness",
    "creativity"
  ],
  "average_scores": {
    "relevance": 4.40377358490566,
    "appropriateness": 3.986792452830189,
    "creativity": 2.6660377358490566
  },
  "average_hf_inference_time": 0.5344873977157347,
  "average_llm_inference_time": 6.8700761160760555,
  "total_hf_inference_time": 283.27832078933716,
  "total_llm_inference_time": 3641.1403415203094,
  "total_evaluation_time": 3924.4186623096466
}