{
  "model_name": "Qwen-Qwen2-7B-Instruct-finetuned-domainai",
  "num_cases": 530,
  "criteria": [
    "relevance",
    "appropriateness",
    "creativity"
  ],
  "average_scores": {
    "relevance": 3.5294117647058822,
    "appropriateness": 3.461100569259962,
    "creativity": 2.6888045540796965
  },
  "average_hf_inference_time": 0.48134913534488494,
  "average_llm_inference_time": 4.617779140652351,
  "total_hf_inference_time": 255.1150417327881,
  "total_llm_inference_time": 2447.422944545746,
  "total_evaluation_time": 2702.537986278534
}