{
  "model_name": "Qwen-Qwen2-7B-Instruct-finetuned-domainai",
  "num_cases": 530,
  "criteria": [
    "relevance",
    "appropriateness",
    "creativity"
  ],
  "average_scores": {
    "relevance": 3.719281663516068,
    "appropriateness": 3.595141776937618,
    "creativity": 2.6562759924385633
  },
  "average_hf_inference_time": 0.4792584887090695,
  "average_llm_inference_time": 4.473608069599799,
  "total_hf_inference_time": 254.0069990158081,
  "total_llm_inference_time": 2371.0122768878937,
  "total_evaluation_time": 2625.019275903702
}